rs7898000_C,rs7100181_G,rs4944283_T,rs11064536_C,rs17740223_A,rs12298712_G,rs17689762_C,rs9573667_T,rs1431380_T,rs1654351_G,rs674345_T,rs9400643_A,rs10484779_G,Labels
1,-5,-2,-1,-1,-2,-3,-1,-2,-1,-1,-3,-1,1
1,-1,-2,1,-1,0,-1,-1,0,1,-1,1,1,1
1,-1,-2,-1,1,2,3,-1,2,3,-1,-1,1,1
-1,-1,-2,-1,1,0,1,-1,2,-3,-1,-1,1,1
1,1,-2,-1,1,2,3,-1,2,3,-1,1,1,0
-1,1,-2,-1,1,0,1,-1,2,-3,-1,1,1,1
1,3,2,-1,1,2,3,1,2,3,1,3,1,0
1,-1,0,-1,1,2,1,1,0,3,-1,-1,1,0
-1,-1,2,-1,1,0,1,1,2,-3,-1,1,1,1
1,1,-2,-1,1,0,-1,-1,0,-1,-1,1,1,1
1,-1,0,-1,1,2,1,-1,0,3,-1,1,1,0
1,-1,-2,1,-1,-2,-3,-1,-2,-1,-1,1,1,0
-1,-1,-2,-1,1,0,1,-1,2,-3,-1,-3,-1,1
-1,1,-2,-1,1,0,-1,-1,0,-3,-1,1,1,1
-1,5,-2,1,1,0,1,-1,0,-1,1,1,1,0
1,1,-2,-1,1,2,1,-1,2,3,1,1,1,0
-1,-1,-2,-1,1,2,1,-1,2,1,-1,1,1,0
1,1,-2,-1,1,2,1,-1,0,3,-1,1,1,1
1,-1,-2,-1,1,2,3,-1,2,3,-1,-1,1,1
1,1,-2,1,1,0,-1,-1,0,-1,-1,-3,-1,0
-1,1,0,1,1,2,1,1,0,1,-1,-1,1,1
1,1,0,-1,1,0,1,1,2,-1,-1,1,1,1
1,5,0,1,1,0,1,1,2,-1,1,1,1,0
1,1,2,-1,1,0,1,1,2,-1,-1,3,1,1
-1,3,0,1,1,0,1,1,2,-3,-1,1,1,1
1,5,2,1,1,2,3,1,2,3,1,1,-1,0
-1,1,-2,-1,1,2,1,-1,0,1,-1,1,1,1
1,-5,0,-1,-1,0,-1,1,2,-1,-1,-3,-1,1
1,-1,0,-1,1,2,3,1,2,3,-1,-1,1,0
-1,-3,-2,-1,-1,0,-1,-1,-2,1,-1,1,1,1
-1,3,0,1,1,0,1,1,2,-3,1,-1,1,0
1,1,-2,-1,1,0,1,-1,2,-1,-1,1,1,0
-1,-3,0,-1,-1,0,-1,-1,-2,1,1,1,1,1
1,5,2,1,1,0,1,1,2,-1,1,3,1,0
1,3,-2,1,1,2,3,-1,2,3,1,-1,1,1
1,1,2,-1,1,2,3,1,2,3,-1,3,1,0
1,1,0,-1,1,2,3,-1,2,3,-1,3,1,1
1,3,0,1,1,2,3,1,2,3,1,-1,1,0
-1,-1,2,1,-1,0,-1,1,-2,1,-1,3,1,1
1,1,2,-1,1,2,1,1,0,3,-1,3,1,0
1,5,0,1,1,2,1,1,0,3,1,1,1,0
1,1,0,1,1,2,3,1,2,3,-1,-1,1,0
-1,3,0,-1,1,2,3,1,2,1,1,1,1,0
1,5,-2,1,1,-2,-1,-1,-2,-1,1,1,1,1
1,3,2,1,1,2,3,1,2,3,-1,3,1,1
1,-1,-2,-1,1,0,-1,-1,0,-1,-1,-1,1,1
1,-1,0,-1,1,2,1,1,0,3,-1,-1,1,1
1,1,2,-1,1,2,3,1,2,3,1,1,1,0
-1,3,-2,1,1,0,-1,-1,0,-3,1,-1,1,1
1,5,2,1,1,2,1,1,0,3,1,1,-1,0
-1,5,0,1,1,2,3,1,2,1,1,-1,-1,0
1,1,-2,1,1,2,1,-1,0,3,-1,-3,-1,0
-1,5,0,1,1,0,-1,1,0,-3,1,1,1,0
1,1,2,-1,1,2,1,1,0,3,-1,3,1,0
-1,1,-2,-1,1,0,-1,-1,0,-3,-1,1,1,1
1,1,-2,1,1,2,3,-1,2,3,-1,-1,1,1
1,-1,0,-1,1,2,1,1,0,3,-1,-1,1,0
-1,3,2,1,1,0,1,1,2,-3,1,1,1,1
-1,-1,0,-1,1,0,-1,1,0,-3,-1,-1,1,0
-1,5,-2,1,1,2,3,-1,2,1,1,1,1,0
-1,1,-2,-1,1,0,1,-1,2,-3,-1,1,1,0
1,-1,0,-1,1,-2,-1,1,-2,-1,-1,-1,1,1
1,-1,0,-1,1,2,1,1,0,3,-1,-1,1,0
1,-1,2,-1,1,2,1,1,0,3,-1,-1,-1,1
-1,3,2,1,1,0,1,1,2,-3,1,1,1,0
-1,1,2,-1,1,0,-1,1,0,-3,1,1,1,1
1,5,2,1,1,0,1,1,2,-1,1,3,1,1
1,3,0,1,1,0,1,1,2,-1,1,-1,1,0
-1,1,0,-1,1,0,1,-1,2,-3,-1,3,1,0
1,5,-2,1,1,0,1,-1,2,-1,1,1,1,1
-1,1,-2,1,1,0,1,-1,2,-3,-1,-1,1,0
1,-1,2,-1,1,2,1,1,0,3,-1,1,1,0
-1,-1,2,-1,1,0,1,1,2,-3,-1,1,1,0
1,3,-2,1,1,2,3,-1,2,3,1,-1,1,0
-1,3,0,1,1,0,-1,1,0,-3,-1,1,1,0
-1,1,-2,-1,1,0,-1,-1,0,-3,-1,1,1,1
1,-5,2,-1,-1,2,1,1,2,3,-1,1,1,1
1,5,-2,1,1,2,3,-1,2,3,1,1,1,1
1,5,0,1,1,2,3,1,2,3,1,1,1,0
1,-1,-2,-1,1,0,-1,-1,0,-1,-1,-1,1,1
1,-1,2,-1,1,0,1,1,2,-1,-1,1,1,0
1,1,0,-1,1,2,3,-1,2,3,-1,3,1,1
1,3,2,1,1,0,1,1,2,-1,1,1,1,0
1,-3,-2,-1,-1,2,1,-1,2,3,-1,1,1,1
1,3,-2,1,1,2,1,-1,0,3,-1,1,1,0
-1,-3,0,-1,1,-2,-3,1,-2,-3,-1,-1,1,1
1,-5,-2,-1,-1,0,-1,-1,-2,3,-1,-1,1,1
-1,1,2,-1,1,0,1,1,2,-3,1,1,1,1
1,5,-2,1,1,0,1,-1,2,-1,1,1,1,0
-1,3,2,1,1,0,1,1,2,-3,1,1,1,1
-1,3,0,-1,1,2,3,1,2,1,1,-1,-1,0
1,5,0,1,1,2,3,1,2,3,1,1,1,0
1,-1,0,-1,1,0,1,1,2,-1,-1,-1,1,1
-1,-1,2,-1,1,0,1,1,2,-3,-1,1,1,1
1,5,-2,1,1,0,1,-1,2,-1,1,1,1,0
1,-3,0,-1,-1,-2,-3,1,-2,-1,-1,1,1,1
1,1,0,-1,1,-2,-3,1,-2,-1,1,1,1,1
1,5,2,1,1,-2,-1,1,-2,-1,1,3,1,1
1,5,-2,1,1,0,1,-1,2,-1,1,1,1,0
-1,1,2,-1,1,2,1,1,0,1,-1,3,1,1
1,5,-2,1,1,2,3,-1,2,3,1,1,1,1
1,-1,-2,-1,1,2,1,-1,0,3,-1,-3,-1,1
-1,-1,-2,-1,1,0,-1,-1,-2,1,-1,1,1,0
-1,-5,-2,-1,-1,0,-1,-1,2,-3,-1,-1,1,1
-1,1,2,1,-1,0,-1,1,2,-3,1,3,1,0
1,3,2,1,1,2,1,1,0,3,1,1,1,0
-1,-3,-2,-1,1,0,-1,-1,-2,1,-1,-1,1,1
1,3,2,-1,1,0,1,1,2,-1,1,3,1,0
1,3,0,1,1,0,1,-1,2,-1,1,1,1,0
1,1,-2,1,1,0,1,-1,2,-1,-1,-1,1,0
-1,5,-2,1,1,0,1,-1,-2,1,1,-1,-1,1
1,-1,2,-1,1,2,3,1,2,3,-1,1,1,1
1,3,2,-1,1,2,3,1,2,3,1,3,1,0
-1,3,0,-1,1,0,-1,1,0,-3,1,1,1,1
-1,1,2,-1,1,2,3,1,2,1,-1,3,1,0
-1,1,2,-1,1,0,1,1,2,-3,-1,3,1,1
1,-1,2,-1,1,0,1,1,2,-1,-1,-1,-1,0
1,1,-2,-1,1,2,3,-1,2,3,-1,1,1,0
1,5,0,1,1,2,3,1,2,3,1,1,1,1
1,-5,0,-1,-1,2,-1,1,0,3,-1,-3,-1,1
-1,1,-2,-1,1,0,-1,-1,0,-3,-1,1,1,1
1,-1,-2,-1,1,2,1,-1,0,3,-1,-1,1,1
1,3,2,-1,1,2,3,1,2,3,1,3,1,0
-1,5,0,1,1,0,-1,1,0,-3,1,1,1,1
1,1,-2,1,1,2,1,-1,0,3,-1,-1,1,1
1,3,0,1,1,2,3,1,2,3,1,-1,1,1
1,1,0,1,1,2,3,1,2,3,-1,-1,1,1
1,-1,-2,-1,-1,0,-1,-1,2,-1,1,1,1,1
1,-3,2,1,-1,-2,-3,1,-2,-1,-1,1,1,1
1,3,-2,-1,1,0,1,-1,2,-1,1,-1,-1,0
-1,3,2,1,1,0,1,1,-2,1,1,1,1,1
1,-1,0,-1,1,0,1,1,2,-1,-1,-1,1,1
-1,1,-2,1,1,0,1,-1,2,-3,-1,-3,-1,1
1,3,0,1,1,-2,-1,1,-2,-1,-1,1,1,0
-1,-3,-2,1,-1,0,-1,-1,-2,1,-1,-3,-1,1
1,-1,2,-1,1,2,3,1,2,3,-1,-1,-1,0
1,3,0,-1,1,-2,-1,1,-2,-1,1,1,1,0
-1,-1,0,-1,1,0,1,1,2,-3,-1,-1,1,1
-1,-5,-2,-1,-1,0,-1,-1,-2,1,-1,-1,1,1
1,-1,0,1,-1,-2,-3,1,-2,-1,-1,1,1,1
1,-3,2,1,-1,-2,-3,1,-2,-1,-1,1,1,1
1,-1,-2,-1,1,0,1,-1,2,-1,-1,-1,1,1
1,1,2,-1,1,2,1,1,0,3,1,1,1,1
1,1,-2,-1,1,2,1,-1,0,3,1,-1,1,1
1,5,-2,1,1,2,3,-1,2,3,1,-1,-1,0
1,-5,-2,-1,-1,-2,-3,-1,-2,-1,-1,-1,1,1
-1,3,-2,-1,1,0,1,-1,-2,1,1,1,1,1
-1,-5,2,-1,-1,2,1,1,2,1,-1,-1,-1,0
1,-1,2,-1,1,2,3,1,2,3,-1,1,1,1
1,-1,0,-1,1,2,3,1,2,3,-1,-1,1,1
-1,-5,-2,-1,-1,0,-1,-1,-2,1,-1,-1,1,0
1,3,2,1,1,2,3,1,2,3,1,1,1,1
1,3,2,1,1,0,1,1,2,-1,1,1,1,0
1,1,-2,-1,1,2,1,-1,0,3,1,-3,-1,1
1,1,-2,-1,1,0,1,-1,2,-1,-1,1,1,0
1,3,-2,1,1,0,1,-1,2,-1,-1,-1,-1,1
-1,3,2,1,1,2,3,1,2,1,-1,3,1,0
-1,-1,2,-1,1,0,1,1,2,-3,-1,1,1,1
1,-3,0,-1,-1,-2,-3,-1,-2,-1,-1,3,1,1
1,1,2,-1,1,2,3,1,2,3,1,1,1,1
1,-3,0,-1,-1,0,-1,1,-2,3,-1,1,1,0
1,-1,-2,-1,1,0,1,-1,2,-1,-1,-1,1,0
1,-1,0,-1,1,0,1,1,2,-1,-1,-3,-1,0
-1,-5,-2,-1,-1,0,-1,-1,-2,1,-1,-1,1,1
-1,-3,0,1,-1,0,-1,1,-2,1,-1,-1,1,0
1,-1,2,1,-1,0,-1,1,-2,3,-1,3,1,1
1,-5,0,-1,-1,-2,-3,1,-2,-1,-1,-1,1,1
1,3,0,-1,1,2,1,1,0,3,1,-1,-1,0
1,-3,-2,1,-1,-2,-3,-1,-2,-1,-1,-1,1,1
1,-1,0,-1,1,2,3,1,2,3,-1,-1,1,0
1,-3,0,-1,-1,2,1,1,2,3,1,-1,1,1
1,-1,-2,1,1,-2,-3,-1,-2,-1,-1,-1,1,1
1,1,-2,1,1,0,-1,-1,0,-1,-1,-1,1,0
1,5,-2,1,1,2,3,-1,2,3,1,1,1,1
1,5,-2,1,1,0,1,-1,2,-1,1,-1,-1,1
1,3,0,1,1,0,1,1,-2,3,1,-1,1,0
-1,1,-2,-1,1,2,3,-1,2,1,-1,1,1,1
1,5,2,1,1,0,1,1,2,-1,1,3,1,0
1,1,-2,-1,1,0,-1,-1,0,-1,1,-1,1,1
1,5,2,1,1,-2,-1,1,-2,-1,1,3,1,1
-1,3,-2,-1,1,2,3,-1,2,1,1,1,1,1
1,5,2,1,1,0,-1,1,0,-1,1,3,1,0
-1,1,2,-1,1,2,3,1,2,1,-1,3,1,0
-1,-1,0,-1,1,0,-1,1,0,-3,-1,-3,-1,1
1,1,2,1,1,-2,-3,1,-2,-1,-1,3,1,1
-1,-5,0,-1,-1,0,-1,-1,2,-3,-1,1,1,1
-1,-1,0,-1,1,0,1,1,2,-3,-1,-1,1,1
-1,1,0,1,1,0,1,1,2,-3,-1,-1,1,0
1,3,-2,1,1,2,3,-1,2,3,1,-1,1,0
-1,5,-2,1,1,0,1,-1,2,-3,1,1,1,1
1,1,-2,-1,1,2,3,-1,2,3,1,-1,1,0
1,1,2,1,1,2,3,1,2,3,-1,-1,-1,1
1,5,0,1,1,0,1,1,2,-1,1,1,1,1
1,-3,2,-1,-1,0,-1,1,2,-1,-1,3,1,0
1,1,-2,-1,1,2,3,-1,2,3,1,-1,1,0
1,1,-2,-1,1,2,3,-1,2,3,-1,1,1,0
1,-1,0,-1,1,2,1,1,0,3,-1,-1,1,0
1,5,2,1,1,2,1,1,0,3,1,3,1,0
1,1,-2,1,1,2,1,-1,0,3,-1,-1,1,0
1,-3,0,-1,-1,2,1,-1,2,3,-1,3,1,1
-1,-1,2,-1,1,0,-1,1,-2,1,-1,3,1,1
-1,-1,-2,-1,1,0,-1,-1,-2,1,-1,1,1,0
-1,-1,-2,-1,1,2,3,-1,2,1,-1,-1,1,0
1,3,2,1,1,0,-1,1,0,-1,1,1,1,1
1,1,-2,-1,1,0,-1,-1,0,-1,1,-1,1,0
1,-1,0,-1,1,2,3,1,2,3,-1,-1,1,0
-1,3,-2,-1,1,0,-1,-1,0,-3,1,1,1,0
1,-3,-2,-1,-1,-2,-3,-1,-2,-1,-1,1,1,1
1,-3,-2,-1,-1,0,-1,-1,2,-1,-1,1,1,1
-1,3,2,1,1,0,-1,1,0,-3,1,1,1,0
1,3,-2,1,1,0,1,-1,2,-1,-1,1,1,0
-1,-1,2,-1,-1,0,-1,1,-2,1,1,3,1,0
1,-5,-2,-1,-1,0,-1,-1,2,-1,-1,-1,1,1
-1,1,2,-1,1,0,1,1,-2,1,1,1,1,1
1,1,2,-1,1,0,1,1,2,-1,1,1,1,1
1,-1,2,-1,-1,2,1,1,2,3,1,3,1,0
1,1,2,-1,1,0,1,1,2,-1,-1,3,1,0
-1,1,2,-1,1,2,3,1,2,1,1,1,1,0
1,-1,-2,-1,1,-2,-1,-1,-2,-1,-1,-3,-1,1
1,3,-2,1,1,2,3,-1,2,3,1,-1,1,1
-1,-1,-2,-1,1,0,-1,-1,0,-3,-1,-3,-1,1
1,3,0,1,1,0,-1,1,0,-1,1,-1,1,0
1,-1,-2,-1,-1,0,-1,-1,2,-1,1,1,1,1
1,1,0,1,1,2,3,-1,2,3,-1,1,1,1
-1,3,-2,1,1,0,1,-1,2,-3,-1,1,1,1
-1,1,-2,-1,1,0,1,-1,2,-3,-1,1,1,1
1,1,2,-1,1,2,3,1,2,3,1,1,1,0
1,3,0,1,1,0,-1,1,0,-1,1,-1,1,1
1,3,2,1,1,0,1,1,2,-1,1,1,1,1
1,-1,-2,-1,1,2,3,-1,2,3,-1,-1,1,0
1,-1,-2,-1,1,2,3,-1,2,3,-1,-1,1,1
1,1,-2,-1,1,2,3,-1,2,3,-1,1,1,1
1,1,-2,1,1,0,1,-1,2,-1,-1,-1,1,1
1,3,2,1,1,2,3,1,2,3,-1,3,1,0
1,-1,0,1,-1,0,-1,-1,-2,3,1,-1,-1,0
1,1,-2,1,1,2,3,-1,2,3,-1,-1,1,0
1,1,-2,-1,1,2,1,-1,0,3,-1,1,1,1
1,1,2,-1,1,2,3,1,2,3,-1,3,1,0
1,-1,2,-1,-1,0,-1,1,2,-1,1,3,1,0
1,1,-2,-1,1,2,3,-1,2,3,-1,1,1,1
1,-3,2,-1,-1,2,1,1,2,3,-1,3,1,1
-1,5,2,1,1,0,-1,1,0,-3,1,3,1,0
1,1,-2,-1,1,0,1,-1,2,-1,-1,1,1,1
-1,1,-2,-1,1,0,-1,-1,0,-3,-1,1,1,1
-1,-3,-2,1,-1,2,1,-1,2,1,-1,-3,-1,0
1,3,2,-1,1,2,3,1,2,3,1,3,1,0
-1,1,-2,-1,1,0,1,-1,2,-3,1,-1,1,1
-1,-1,0,1,-1,2,1,1,2,1,-1,-1,-1,1
1,3,-2,1,1,0,-1,-1,0,-1,-1,1,1,1
1,3,-2,1,1,2,3,-1,2,3,-1,1,1,0
-1,-3,-2,-1,-1,0,-1,-1,-2,1,1,-1,1,1
1,-1,0,-1,-1,2,1,-1,2,3,1,3,1,0
-1,1,0,1,1,0,-1,1,0,-3,-1,-1,1,1
1,3,0,-1,1,2,1,1,0,3,1,1,1,0
1,5,0,1,1,0,1,1,-2,3,1,-1,-1,0
-1,-5,-2,-1,-1,0,-1,-1,2,-3,-1,-3,-1,1
1,3,-2,1,1,0,-1,-1,0,-1,-1,1,1,1
1,-1,0,-1,1,2,3,1,2,3,-1,-1,1,1
-1,5,-2,1,1,0,-1,-1,0,-3,1,-1,-1,0
1,-1,0,-1,1,0,1,1,2,-1,-1,-3,-1,0
1,5,-2,1,1,0,1,-1,2,-1,1,-1,-1,0
1,-1,2,-1,1,2,3,1,2,3,-1,-1,-1,1
1,1,0,-1,1,2,3,1,2,3,-1,1,1,1
-1,1,2,-1,1,0,-1,1,-2,1,1,3,1,0
1,-1,-2,-1,1,2,3,-1,2,3,-1,-1,1,0
1,3,-2,1,1,2,3,-1,2,3,1,-1,1,0
-1,1,2,1,1,0,1,1,2,-3,-1,1,1,0
1,-5,0,-1,-1,0,-1,1,-2,3,-1,-3,-1,1
-1,3,-2,1,1,0,1,-1,-2,1,1,-1,1,1
-1,1,-2,-1,1,0,-1,-1,0,-3,1,-1,1,1
-1,-5,0,-1,-1,2,1,1,2,1,-1,-3,-1,1
1,3,-2,1,1,2,1,-1,0,3,1,-1,1,0
1,-5,0,-1,-1,-2,-3,1,-2,-1,-1,-1,1,1
1,-1,-2,-1,-1,-2,-3,-1,-2,-1,1,1,1,1
-1,3,-2,1,1,0,-1,-1,0,-3,1,-1,1,1
-1,-3,-2,1,-1,0,-1,-1,-2,1,-1,-1,1,1
-1,-3,0,1,-1,0,-1,1,-2,1,-1,-3,-1,1
-1,-1,2,-1,1,0,1,1,2,-3,-1,1,1,1
1,-5,-2,-1,-1,0,-1,-1,2,-1,-1,-1,1,1
1,1,-2,-1,1,2,3,-1,2,3,-1,1,1,1
1,5,2,1,1,0,1,1,2,-1,1,3,1,1
1,-1,-2,-1,1,2,3,-1,2,3,-1,-1,1,1
-1,3,2,1,1,0,1,1,-2,1,1,1,1,1
1,-1,0,-1,1,-2,-3,1,-2,-1,-1,1,1,1
1,3,2,1,1,2,1,1,0,3,-1,3,1,0
1,-1,2,-1,1,0,1,1,2,-1,-1,-1,-1,0
1,1,-2,-1,1,2,3,-1,2,3,-1,1,1,1
-1,1,0,1,1,0,-1,1,0,-3,-1,-1,1,0
1,-3,2,-1,-1,0,-1,1,2,-1,-1,3,1,0
-1,1,-2,-1,1,0,1,-1,2,-3,-1,1,1,0
1,3,0,-1,1,2,3,1,2,3,1,-1,-1,0
1,3,2,1,1,0,1,1,2,-1,-1,3,1,1
-1,1,2,-1,1,2,1,1,0,1,-1,3,1,1
1,1,2,1,1,0,1,1,2,-1,-1,1,1,1
-1,3,0,1,1,0,1,-1,2,-3,-1,3,1,1
-1,-3,2,-1,-1,0,-1,1,-2,1,-1,3,1,1
1,5,-2,1,1,0,1,-1,2,-1,1,1,1,0
1,-5,-2,-1,-1,-2,-3,-1,-2,-1,-1,-1,1,1
1,-3,2,-1,1,0,-1,1,-2,3,-1,1,1,1
1,-3,-2,-1,-1,0,-1,-1,2,-1,-1,1,1,1
1,-5,-2,-1,-1,-2,-3,-1,-2,-1,-1,-1,1,1
1,-3,-2,-1,-1,2,-1,-1,0,3,1,-1,1,1
1,-3,2,-1,-1,0,-1,1,2,-1,-1,3,1,0
1,3,0,1,1,2,3,1,2,3,-1,1,1,1
-1,-1,-2,-1,1,2,1,-1,0,1,-1,-1,1,1
-1,1,2,1,1,0,1,1,2,-3,-1,1,1,0
1,-1,0,-1,1,2,3,1,2,3,-1,-3,-1,0
-1,-1,0,-1,1,0,1,1,2,-3,-1,-1,1,1
1,3,-2,1,1,2,3,-1,2,3,-1,1,1,0
-1,3,-2,1,1,0,1,-1,2,-3,1,-1,1,1
1,1,0,-1,1,0,-1,-1,0,-1,-1,3,1,1
-1,3,0,1,1,0,1,1,2,-3,1,-1,1,1
1,3,0,1,1,2,3,-1,2,3,-1,3,1,0
-1,5,0,1,1,0,-1,1,0,-3,1,1,1,0
1,3,2,1,1,2,1,1,0,3,-1,1,-1,1
1,1,0,1,1,0,-1,1,0,-1,-1,-1,1,1
1,1,2,-1,1,2,3,1,2,3,-1,3,1,0
1,1,2,1,1,2,3,1,2,3,-1,1,1,0
1,5,2,1,1,2,3,1,2,3,1,3,1,0
-1,-5,-2,-1,-1,2,1,-1,2,1,-1,-1,1,0
1,5,-2,1,1,0,-1,-1,0,-1,1,-1,-1,1
1,1,-2,1,1,2,3,-1,2,3,-1,-1,1,1
-1,3,-2,-1,1,0,1,-1,-2,1,1,-1,-1,0
1,5,2,1,1,0,1,1,2,-1,1,1,-1,1
1,-1,-2,-1,1,2,1,-1,0,3,-1,-1,1,1
1,-1,2,-1,1,0,-1,1,2,-1,-1,3,1,0
1,3,-2,1,1,2,3,-1,2,3,1,-1,1,1
1,-1,0,-1,-1,0,-1,1,2,-1,1,1,1,0
-1,-1,-2,-1,1,0,-1,-1,0,-3,-1,-3,-1,1
1,-1,0,-1,1,2,3,1,2,3,-1,-1,1,0
-1,5,-2,1,1,2,1,-1,0,1,1,-1,-1,1
-1,-3,-2,-1,-1,0,-1,-1,-2,1,-1,1,1,1
-1,-5,0,-1,-1,2,1,1,2,1,-1,-3,-1,1
1,-1,0,-1,1,0,1,1,2,-1,-1,-1,1,0
-1,3,2,-1,1,0,1,1,-2,1,1,3,1,1
1,1,2,-1,1,2,3,1,2,3,1,1,1,0
-1,1,0,1,1,2,3,1,2,1,-1,-1,1,0
-1,3,-2,1,1,0,1,-1,2,-3,-1,1,1,1
1,-3,2,-1,-1,0,-1,1,2,-1,-1,3,1,0
-1,1,0,-1,1,2,3,-1,2,1,1,1,1,1
1,3,-2,1,1,0,1,-1,2,-1,-1,1,1,0
1,3,0,1,1,2,3,1,2,3,-1,-1,-1,1
1,-3,0,-1,-1,0,-1,-1,-2,3,-1,3,1,0
-1,3,0,1,1,0,1,1,-2,1,1,-3,-1,1
-1,5,0,1,1,0,1,1,2,-3,1,1,1,0
-1,5,0,1,1,0,1,1,-2,1,1,1,1,0
1,1,-2,-1,1,2,1,-1,0,3,-1,1,1,1
1,-5,0,-1,-1,-2,-3,1,-2,-1,-1,-1,1,1
-1,3,2,1,1,0,1,1,2,-3,-1,3,1,0
1,1,2,-1,1,2,3,1,2,3,-1,3,1,0
-1,1,-2,-1,1,0,-1,-1,0,-3,1,-1,1,1
1,3,0,-1,1,2,1,-1,0,3,1,3,1,0
1,3,-2,1,1,2,3,-1,2,3,-1,1,1,0
1,1,2,-1,1,2,3,1,2,3,-1,3,1,0
-1,1,0,-1,1,0,-1,1,0,-3,-1,1,1,0
1,-5,0,-1,-1,2,1,1,2,3,-1,-1,1,0
1,-5,-2,-1,-1,-2,-3,-1,-2,-1,-1,-3,-1,1
1,3,2,1,1,0,1,1,2,-1,1,1,1,1
-1,3,2,1,1,0,1,1,2,-3,1,1,1,0
-1,1,-2,1,1,0,1,-1,2,-3,-1,-1,1,1
-1,1,-2,-1,1,0,1,-1,2,-3,1,-1,1,1
1,-1,-2,1,-1,-2,-3,-1,-2,-1,-1,1,1,1
1,3,2,-1,1,0,1,1,2,-1,1,3,1,0
-1,3,2,1,1,2,3,1,2,1,-1,3,1,1
-1,-3,2,-1,-1,-2,-3,1,-2,-3,-1,3,1,1
-1,1,0,1,1,2,1,1,2,1,1,-3,-1,1
1,1,0,-1,1,0,-1,-1,0,-1,1,1,1,1
1,-1,0,-1,1,2,3,1,2,3,-1,-3,-1,1
1,-3,0,-1,1,-2,-3,1,-2,-1,-1,-1,1,1
1,-1,0,-1,1,2,1,1,0,3,-1,-1,1,1
1,1,-2,-1,1,2,3,-1,2,3,-1,1,1,0
1,1,0,-1,1,0,-1,1,0,-1,-1,-1,-1,0
-1,3,-2,1,1,0,1,-1,2,-3,1,-1,1,0
-1,1,-2,-1,1,0,1,-1,2,-3,-1,1,1,0
1,1,0,-1,1,2,1,-1,0,3,-1,3,1,1
1,5,0,1,1,2,3,1,2,3,1,1,1,0
1,-1,-2,-1,-1,-2,-3,-1,-2,-1,1,1,1,0
-1,5,0,1,1,2,3,1,2,1,1,1,1,0
-1,5,0,1,1,0,1,1,-2,1,1,1,1,1
-1,3,-2,1,1,0,1,-1,2,-3,-1,1,1,1
-1,1,0,1,1,0,-1,-1,0,-3,-1,1,1,1
1,3,2,1,1,0,1,1,-2,3,1,1,1,1
1,1,0,-1,1,0,-1,1,0,-1,-1,1,1,1
1,5,-2,1,1,2,1,-1,0,3,1,1,1,1
-1,-5,-2,-1,-1,-2,-3,-1,-2,-3,-1,-1,1,0
-1,1,-2,1,1,2,3,-1,2,1,-1,-1,1,0
1,1,0,-1,1,2,1,-1,0,3,-1,3,1,0
1,-1,-2,-1,1,2,3,-1,2,3,-1,-3,-1,0
1,-3,-2,-1,-1,0,-1,-1,2,-1,1,-1,1,1
-1,-1,0,-1,1,0,-1,1,0,-3,-1,-1,1,1
1,3,-2,1,1,2,3,-1,2,3,1,-1,1,1
-1,3,2,1,1,0,1,1,-2,1,1,1,1,1
1,3,-2,-1,1,2,1,-1,0,3,1,1,1,1
1,1,2,1,1,2,1,1,0,3,-1,-1,-1,0
1,1,2,-1,1,0,1,1,2,-1,-1,3,1,0
-1,1,-2,-1,1,0,1,-1,2,-3,-1,1,1,1
1,-1,0,-1,1,2,3,1,2,3,-1,-1,1,1
-1,1,2,-1,1,2,3,1,2,1,-1,3,1,0
-1,-1,2,1,-1,0,-1,1,-2,1,-1,3,1,1
-1,5,-2,1,1,0,-1,-1,0,-3,1,1,1,0
-1,-1,-2,-1,1,0,1,-1,2,-3,-1,-3,-1,1
1,1,2,-1,1,2,3,1,2,3,-1,3,1,0
1,1,2,1,1,2,3,1,2,3,-1,1,1,0
1,-5,0,-1,-1,0,-1,1,2,-1,-1,-3,-1,1
1,1,2,-1,1,-2,-1,1,-2,-1,1,1,1,1
-1,3,0,-1,1,0,1,1,-2,1,1,1,1,1
-1,3,-2,1,1,0,1,-1,2,-3,1,-1,1,0
-1,3,0,1,1,0,1,-1,2,-3,-1,3,1,1
-1,-5,0,-1,-1,0,-1,1,2,-3,-1,-3,-1,1
1,5,-2,1,1,2,3,-1,2,3,1,1,1,0
1,-1,-2,-1,1,2,1,-1,0,3,-1,-1,1,1
-1,-1,-2,-1,1,0,1,-1,2,-3,-1,-3,-1,1
1,1,-2,-1,1,2,3,-1,2,3,-1,-1,-1,1
1,1,2,-1,1,0,-1,1,0,-1,-1,3,1,1
1,3,2,1,1,2,1,1,0,3,-1,3,1,0
-1,3,2,1,1,0,1,1,2,-3,-1,3,1,1
1,-1,-2,-1,-1,2,1,-1,2,3,1,1,1,1
1,3,-2,-1,1,0,1,-1,2,-1,1,1,1,1
1,1,0,-1,1,2,3,-1,2,3,-1,3,1,1
-1,1,-2,-1,1,0,1,-1,2,-3,-1,1,1,1
1,1,-2,-1,1,0,-1,-1,0,-1,-1,1,1,1
1,3,0,1,1,2,3,1,2,3,1,-1,1,0
1,-1,0,-1,1,-2,-3,1,-2,-1,-1,-1,-1,1
-1,1,2,1,1,2,3,1,2,1,-1,1,1,1
-1,3,2,1,1,0,-1,1,0,-3,-1,3,1,0
-1,3,2,-1,1,0,1,1,-2,1,1,3,1,1
1,3,2,1,1,2,3,1,2,3,1,1,1,0
-1,-1,0,-1,1,0,1,1,2,-3,-1,-1,1,0
1,3,0,1,1,0,1,-1,2,-1,-1,3,1,0
1,1,0,1,1,2,3,1,2,3,-1,-3,-1,1
1,3,2,-1,1,2,3,1,2,3,1,3,1,1
1,-1,0,-1,1,2,1,1,0,3,-1,-1,1,1
1,1,2,-1,1,2,3,1,2,3,-1,3,1,0
1,1,-2,-1,1,2,3,-1,2,3,1,-1,1,1
1,-1,2,-1,1,2,3,1,2,3,-1,-1,-1,0
1,1,0,1,1,2,3,1,2,3,-1,-1,1,1
1,5,0,1,1,2,3,1,2,3,1,1,1,0
1,3,0,1,1,-2,-3,1,-2,-1,1,1,1,1
1,1,0,1,1,2,3,1,2,3,-1,-1,1,0
1,-1,2,-1,1,2,3,1,2,3,-1,1,1,0
-1,3,-2,1,1,0,1,-1,-2,1,1,-1,1,1
1,3,0,1,1,0,-1,1,0,-1,-1,1,1,0
1,3,2,1,1,2,3,1,2,3,1,1,1,0
-1,-1,-2,-1,1,2,3,-1,2,1,-1,-1,1,1
1,5,0,1,1,-2,-1,1,-2,-1,1,1,1,0
1,3,0,1,1,2,3,-1,2,3,1,-1,-1,0
1,1,0,-1,1,2,3,1,2,3,-1,1,1,0
-1,-1,0,-1,1,2,3,1,2,1,-1,-3,-1,1
1,5,0,1,1,2,3,1,2,3,1,1,1,0
-1,1,-2,1,1,0,1,-1,2,-3,-1,-1,1,1
1,1,0,-1,1,2,3,1,2,3,1,-1,1,1
-1,-1,0,-1,1,0,1,1,2,-3,-1,-1,1,1
1,3,-2,1,1,2,3,-1,2,3,1,-1,1,1
1,-3,0,-1,-1,-2,-3,-1,-2,-1,-1,3,1,1
1,-5,0,-1,-1,-2,-3,1,-2,-1,-1,-3,-1,1
1,-1,2,-1,-1,0,-1,1,2,-1,1,3,1,0
1,1,-2,1,1,2,3,-1,2,3,-1,-1,1,1
1,3,0,1,1,2,3,-1,2,3,-1,3,1,0
1,-1,-2,-1,-1,2,1,-1,0,3,-1,1,1,0
1,5,2,1,1,2,3,1,2,3,1,3,1,0
-1,-5,-2,-1,-1,0,-1,-1,-2,1,-1,-1,1,1
-1,-1,-2,-1,1,0,1,-1,2,-3,-1,-1,1,0
1,-5,0,-1,-1,2,-3,1,0,1,-1,-3,-1,1
1,-3,0,1,-1,0,-1,1,-2,3,-1,-3,-1,1
1,-3,0,1,-1,2,1,1,2,3,-1,-3,-1,0
1,1,2,-1,1,2,1,1,0,3,-1,3,1,1
-1,1,2,1,1,0,3,1,2,-1,-1,1,1,0
1,-1,-2,-1,1,2,1,-1,0,3,-1,-1,1,1
-1,-1,0,-1,1,0,-1,1,0,-3,-1,-3,-1,1
1,-5,0,-1,-1,0,-1,1,2,-1,-1,-3,-1,1
1,1,-2,1,1,2,3,-1,2,3,-1,-3,-1,0
-1,-1,0,-1,1,2,1,1,0,1,-1,-3,-1,1
-1,3,0,-1,1,2,3,-1,2,1,1,3,1,1
1,3,-2,-1,1,0,1,-1,2,-1,1,-1,-1,0
-1,-1,-2,-1,1,0,-1,-1,0,-3,-1,-1,1,1
1,1,2,-1,1,2,3,1,2,3,1,1,1,1
1,1,-2,-1,1,2,3,-1,2,3,-1,1,1,0
1,-5,0,-1,-1,2,1,1,2,3,-1,-1,1,0
-1,3,-2,1,1,2,3,-1,2,1,1,-1,1,1
1,-1,0,-1,1,2,3,1,2,3,-1,-1,1,1
1,-3,-2,1,-1,0,-1,-1,2,-1,-1,-1,1,1
-1,3,-2,-1,1,0,1,-1,2,-3,1,1,1,1
-1,5,-2,1,1,0,1,-1,2,-3,1,1,1,1
-1,-1,-2,-1,1,0,1,-1,2,-3,-1,-1,1,1
-1,-1,2,-1,1,0,1,1,2,-3,-1,-1,-1,0
1,5,-2,1,1,-2,-1,-1,-2,-1,1,-1,-1,1
1,1,2,-1,1,2,3,1,2,3,1,1,1,0
1,1,-2,-1,1,0,-1,-1,0,-1,-1,1,1,0
-1,-1,0,-1,1,0,1,1,2,-3,-1,-1,1,1
1,1,0,-1,1,2,1,1,0,3,-1,1,1,0
1,-1,-2,-1,1,0,1,-1,2,-1,-1,-1,1,1
1,-1,-2,-1,1,2,1,-1,0,3,-1,-3,-1,1
1,1,2,1,1,2,3,1,2,3,-1,1,1,1
1,1,0,1,1,2,3,1,2,3,-1,-3,-1,1
1,5,-2,1,1,0,1,-1,2,-1,1,-1,-1,0
-1,5,-2,1,1,0,1,-1,2,-3,1,1,1,0
-1,1,-2,1,1,2,3,-1,2,1,-1,-3,-1,1
1,1,2,1,1,-2,-1,1,-2,-1,-1,1,1,1
1,5,2,1,1,-2,-1,1,-2,-1,1,3,1,1
1,-1,2,-1,1,2,3,1,2,3,-1,1,1,0
-1,5,-2,1,1,0,-1,-1,0,-3,1,1,1,0
-1,1,2,1,1,2,3,1,2,1,-1,1,1,0
-1,1,2,-1,1,0,1,1,2,-3,-1,3,1,0
-1,-5,2,-1,-1,0,-1,1,-2,1,-1,1,1,0
1,5,-2,1,1,2,1,-1,0,3,1,1,1,1
1,-5,-2,-1,-1,0,-1,-1,2,-1,-1,-1,1,1
-1,-1,-2,-1,1,0,1,-1,2,-3,-1,-1,1,1
1,-3,-2,-1,-1,-2,-3,-1,-2,-1,1,-1,1,0
-1,3,2,1,1,0,1,1,2,-3,1,1,1,1
1,5,2,1,1,2,1,1,0,3,1,3,1,0
-1,-1,0,-1,1,0,1,1,2,-3,-1,-1,1,0
1,3,2,1,1,2,1,1,0,3,-1,3,1,0
1,-1,-2,-1,1,0,-1,-1,0,-1,-1,-1,1,1
-1,3,2,1,1,0,1,1,-2,1,1,1,1,1
-1,-1,0,-1,1,0,1,1,2,-3,-1,-1,1,1
-1,-1,-2,-1,1,2,1,-1,2,1,-1,1,1,0
1,3,-2,1,1,-2,-1,-1,-2,-1,1,-3,-1,1
1,-1,-2,-1,1,0,-1,-1,0,-1,-1,-1,1,0
1,1,0,-1,1,2,1,-1,0,3,-1,3,1,0
1,3,0,1,1,2,3,1,2,3,1,-1,1,1
-1,1,2,-1,1,0,-1,1,0,-3,-1,3,1,0
1,-5,2,-1,-1,-2,-3,1,-2,-1,-1,-1,-1,1
-1,3,-2,1,1,0,1,-1,2,-3,-1,1,1,1
-1,3,-2,1,1,0,1,-1,2,-3,-1,1,1,1
1,1,2,-1,1,0,1,1,2,-1,-1,3,1,0
1,1,-2,-1,1,0,-1,-1,0,-1,-1,1,1,0
-1,1,0,-1,1,0,1,-1,2,-3,-1,3,1,1
-1,1,0,1,1,0,-1,1,0,-3,-1,-1,1,0
-1,1,0,1,1,0,-1,-1,0,-3,-1,1,1,1
1,-3,0,-1,-1,0,-3,-1,0,-1,1,1,1,1
-1,3,2,1,1,0,1,1,2,-3,1,1,1,0
1,-1,2,-1,1,0,1,1,2,-1,-1,-1,-1,1
1,1,-2,-1,1,2,3,-1,2,3,-1,1,1,0
1,3,0,1,1,0,1,-1,2,-1,1,1,1,1
1,3,-2,1,1,-2,-1,-1,-2,-1,1,-1,1,1
-1,1,-2,1,1,0,1,-1,2,-3,-1,-1,1,1
-1,-1,0,-1,1,0,-1,1,0,-3,-1,-3,-1,1
1,-5,0,-1,-1,-2,-3,1,-2,-1,-1,-1,1,1
1,-5,2,-1,-1,-2,-3,1,-2,-1,-1,1,1,0
1,-3,0,-1,-1,2,-1,1,0,3,-1,1,1,1
1,3,-2,1,1,2,3,-1,2,3,-1,1,1,0
-1,-1,0,1,-1,0,-1,1,2,-3,-1,1,1,1
1,-1,-2,-1,1,2,3,-1,2,3,-1,-1,1,1
1,1,2,-1,1,2,3,1,2,3,-1,3,1,1
1,-5,0,-1,-1,-2,-3,1,-2,-1,-1,-1,1,1
-1,-1,0,-1,1,0,1,1,2,-3,-1,-3,-1,0
1,-1,2,-1,1,-2,-3,1,-2,-1,-1,3,1,0
1,-1,0,-1,1,2,1,-1,0,3,-1,1,1,1
1,-1,0,1,-1,-2,-3,-1,-2,-1,-1,1,-1,1
1,-5,0,-1,-1,-2,-3,-1,-2,-1,-1,-1,-1,1
-1,1,2,-1,1,2,3,1,2,1,1,1,1,1
1,-5,2,-1,-1,0,-1,1,-2,3,-1,1,1,1
1,-1,-2,1,-1,0,-1,-1,2,-1,-1,1,1,1
1,-5,-2,-1,-1,0,-1,-1,2,-1,-1,-1,1,1
-1,1,-2,-1,1,0,1,-1,2,-3,-1,1,1,1
1,5,0,1,1,2,3,1,2,3,1,1,1,0
-1,-1,2,-1,1,0,-1,1,0,-3,-1,1,1,0
1,3,-2,1,1,0,1,-1,2,-1,-1,-1,-1,1
-1,5,2,1,1,0,-1,1,0,-3,1,3,1,1
1,3,-2,-1,1,2,3,-1,2,3,1,-1,-1,0
-1,1,-2,-1,1,0,-1,-1,0,-3,1,-3,-1,1
1,1,0,1,1,2,3,1,2,3,-1,-3,-1,1
-1,1,0,1,1,2,-1,1,0,-1,-1,-1,1,1
1,5,0,1,1,2,3,1,2,3,1,1,1,0
1,1,-2,1,1,2,3,-1,2,3,-1,-1,1,0
1,3,2,1,1,-2,-1,1,-2,-1,1,1,1,0
-1,5,2,1,1,2,1,1,0,1,1,1,-1,1
1,1,2,-1,1,2,1,1,0,3,-1,3,1,0
-1,3,0,1,1,2,1,1,2,1,1,-1,-1,0
1,-3,-2,-1,-1,-2,-3,-1,-2,-1,-1,1,1,0
1,1,0,-1,1,0,1,-1,2,-1,-1,3,1,1
1,1,2,1,-1,-2,-3,1,-2,-1,1,3,1,0
1,1,2,-1,1,2,3,1,2,3,-1,3,1,0
-1,1,-2,-1,1,0,1,-1,2,-3,-1,1,1,1
-1,5,2,1,1,0,-1,1,0,-3,1,3,1,0
1,-3,0,-1,-1,0,-1,1,2,-1,-1,-1,-1,0
1,5,0,1,1,0,1,1,-2,3,1,1,1,0
-1,1,0,-1,1,0,1,1,-2,1,1,-1,1,0
1,-1,-2,-1,1,2,3,-1,2,3,-1,-1,1,0
1,-1,0,-1,1,0,1,1,2,-1,-1,-3,-1,1
1,3,0,1,1,2,3,-1,2,3,-1,3,1,1
1,5,-2,1,1,-2,-1,-1,-2,-1,1,-1,-1,1
1,1,2,-1,1,2,1,1,0,3,-1,3,1,0
-1,-1,-2,-1,1,0,1,-1,2,-3,-1,-1,1,1
1,1,0,-1,1,2,3,1,2,3,1,-1,1,1
-1,-1,2,-1,1,0,-1,1,-2,1,-1,3,1,1
-1,5,0,1,1,0,-1,-1,0,-3,1,3,1,0
1,-1,-2,-1,1,2,1,-1,0,3,-1,-1,1,1
1,-1,-2,-1,1,2,1,-1,0,3,-1,-1,1,0
1,-1,-2,-1,1,2,3,-1,2,3,-1,-1,1,0
1,-3,2,1,-1,0,-1,1,-2,3,-1,-1,-1,1
1,3,2,1,1,2,3,1,2,3,1,1,1,0
-1,-3,-2,1,-1,-2,-3,-1,-2,-3,-1,-1,1,1
-1,1,0,-1,1,2,3,1,2,1,1,-3,-1,1
1,3,2,-1,1,2,3,1,2,3,1,3,1,1
1,5,2,1,1,2,3,1,2,3,1,3,1,0
-1,1,2,1,1,0,1,1,2,-3,-1,-1,-1,1
-1,1,2,-1,1,2,1,1,0,1,-1,3,1,0
1,1,-2,-1,1,2,1,-1,0,3,1,-1,1,1
-1,3,-2,1,1,0,1,-1,2,-3,-1,1,1,1
1,-1,0,-1,1,2,3,1,2,3,-1,-1,1,0
1,-3,-2,-1,-1,-2,-3,-1,-2,-1,1,-1,1,0
1,-1,2,-1,1,2,3,1,2,3,-1,1,1,1
1,-1,0,-1,1,2,3,-1,2,3,-1,-1,-1,0
-1,1,-2,-1,1,0,1,-1,2,-3,1,-3,-1,1
-1,-3,-2,-1,-1,0,-1,-1,-2,1,-1,1,1,0
1,1,0,-1,1,2,3,-1,2,3,1,1,1,0
-1,5,-2,1,1,0,1,-1,2,-3,1,-1,-1,1
1,5,-2,1,1,2,3,-1,2,3,1,1,1,0
1,-3,0,-1,-1,0,-1,-1,2,-1,-1,3,1,1
1,-1,2,1,-1,-2,-3,1,-2,-1,-1,3,1,1
1,-1,0,-1,1,-2,-1,1,-2,-1,-1,-1,1,0
1,-3,-2,-1,-1,-2,-3,-1,-2,-1,-1,1,1,1
1,5,-2,1,1,2,3,-1,2,3,1,-1,-1,1
-1,3,0,1,1,0,-1,-1,0,-3,-1,1,-1,0
1,-5,-2,-1,-1,0,-1,-1,-2,3,-1,-1,1,0
-1,1,2,1,1,0,1,1,2,-3,-1,1,1,0
1,1,0,1,1,0,1,1,2,-1,-1,-1,1,0
1,3,0,1,1,0,1,1,0,1,-1,1,1,0
1,3,-2,1,1,2,3,-1,2,3,1,-1,1,1
-1,-5,-2,-1,-1,0,-1,-1,-2,1,-1,-3,-1,1
1,-3,-2,-1,-1,0,-1,-1,-2,3,-1,1,1,1
-1,3,-2,-1,1,2,3,-1,2,1,1,1,1,0
1,-3,2,1,-1,-2,-3,1,-2,-1,-1,1,1,0
1,5,-2,1,1,2,1,-1,0,3,1,1,1,0
-1,-1,2,-1,-1,0,-1,1,-2,1,1,3,1,0
-1,5,-2,1,1,0,1,-1,2,-3,1,-1,-1,1
1,5,0,1,1,0,-1,1,0,-1,1,1,1,0
1,3,-2,1,1,2,3,-1,2,3,-1,1,1,0
1,1,2,-1,1,2,1,1,0,3,1,1,1,0
1,3,2,1,1,2,3,1,2,3,1,1,1,1
1,1,2,-1,1,2,3,1,2,3,1,1,1,0
1,1,2,-1,1,2,1,1,0,3,-1,3,1,0
-1,-1,-2,-1,1,0,1,-1,2,-3,-1,-3,-1,1
1,1,0,-1,1,0,-1,-1,0,-1,1,1,1,1
-1,3,-2,1,1,0,1,-1,2,-3,-1,1,1,1
-1,5,0,1,1,0,1,1,2,-3,1,1,1,1
1,-1,-2,-1,1,2,3,-1,2,3,-1,-1,1,1
-1,-3,-2,-1,-1,2,1,-1,2,1,-1,1,1,1
1,1,2,1,1,0,1,1,2,-1,-1,1,1,1
-1,-3,-2,-1,-1,-2,-3,-1,-2,-3,-1,1,1,1
-1,3,0,1,1,0,1,1,2,-3,-1,1,1,1
1,-3,-2,-1,-1,-2,-3,-1,-2,-1,-1,1,1,1
1,5,-2,1,1,2,3,-1,2,3,1,1,1,0
1,-1,-2,-1,1,2,1,-1,0,3,-1,-1,1,1
1,1,2,1,1,0,1,1,2,-1,-1,-1,-1,1
1,1,2,1,1,2,1,1,0,3,-1,1,1,1
1,1,0,1,-1,2,1,-1,2,3,1,3,1,0
-1,1,0,-1,1,0,1,1,2,-3,-1,1,1,1
1,5,-2,1,1,2,3,-1,2,3,1,1,1,0
1,1,0,-1,1,2,3,1,2,3,1,-3,-1,1
-1,-3,-2,-1,-1,0,-1,-1,-2,1,-1,1,1,0
1,1,0,-1,1,0,-1,1,0,-1,-1,1,1,0
1,3,-2,1,1,-2,-1,-1,-2,-1,1,-1,1,1
1,1,-2,1,1,0,-1,-1,0,-1,-1,-1,1,1
-1,-1,-2,-1,1,0,1,-1,2,-3,-1,-3,-1,1
1,1,2,-1,1,2,3,1,2,3,-1,3,1,1
1,3,2,1,1,2,3,1,2,3,1,1,1,1
-1,5,0,1,1,2,3,1,2,1,1,1,1,1
-1,3,-2,-1,1,0,-1,-1,0,-3,1,1,1,1
1,1,2,-1,1,0,1,1,2,-1,-1,3,1,1
1,1,2,1,1,2,1,1,0,3,-1,1,1,1
1,-1,0,-1,1,2,3,1,2,3,-1,-1,1,1
1,5,2,1,1,-2,-1,1,-2,-1,1,3,1,0
1,1,-2,1,1,2,3,-1,2,3,-1,-1,1,1
-1,1,2,-1,1,0,1,1,2,-3,-1,3,1,1
1,-5,2,-1,-1,0,-1,1,2,-1,-1,1,1,0
1,-3,-2,-1,-1,-2,-3,-1,-2,-1,1,-1,1,1
1,1,-2,-1,1,0,-1,-1,0,-1,-1,1,1,1
-1,5,2,1,1,0,1,1,2,-3,1,3,1,0
1,-3,-2,1,-1,0,-1,-1,-2,3,-1,-1,1,1
1,1,-2,1,1,2,1,-1,0,3,-1,-1,1,0
1,5,-2,1,1,2,1,-1,0,3,1,1,1,1
1,1,-2,1,-1,2,1,-1,2,3,1,1,1,0
-1,-3,-2,-1,-1,0,-1,-1,2,-3,1,-3,-1,1
1,1,2,-1,1,2,3,1,2,3,-1,3,1,0
1,1,-2,-1,1,2,1,-1,0,3,-1,1,1,1
1,-3,0,1,-1,0,-1,1,-2,3,-1,-1,1,1
1,1,-2,1,1,0,1,-1,2,-1,-1,-1,1,1
-1,5,2,1,1,0,1,1,-2,1,1,3,1,0
1,1,0,-1,1,2,1,1,0,3,-1,1,1,0
1,1,-2,-1,1,2,1,-1,0,3,-1,1,1,0
1,1,-2,1,1,2,3,-1,2,3,-1,-3,-1,1
1,3,-2,1,1,2,3,-1,2,3,1,-1,1,1
1,-5,-2,-1,-1,-2,-3,-1,-2,-1,-1,-1,1,1
1,3,2,1,1,2,3,1,2,3,-1,3,1,0
1,3,2,1,1,2,3,1,2,3,1,1,1,0
-1,-1,-2,-1,1,0,-1,-1,0,-3,-1,-1,1,1
1,5,-2,1,1,2,3,-1,2,3,1,1,1,0
1,1,0,-1,1,0,1,1,2,-1,-1,1,1,0
1,3,0,1,1,2,3,1,2,3,-1,-1,-1,1
1,3,-2,1,1,0,1,-1,2,-1,-1,1,1,0
1,1,-2,-1,1,0,1,-1,2,-1,1,-1,1,0
1,-1,2,-1,1,2,3,1,2,3,-1,1,1,0
1,-3,2,-1,-1,-2,-3,1,-2,-1,-1,3,1,1
-1,-1,2,-1,1,-2,-3,1,-2,-3,-1,3,1,1
1,5,2,1,1,0,1,1,2,-1,1,3,1,0
-1,-3,-2,-1,-1,0,-1,-1,-2,1,1,-1,1,1
1,1,-2,-1,1,0,-1,-1,0,-1,-1,1,1,1
1,-1,-2,1,-1,2,1,-1,2,3,1,-1,1,0
-1,1,-2,1,1,2,1,-1,0,1,-1,-1,1,1
1,3,2,1,1,0,1,1,2,-1,1,1,1,1
1,-3,0,-1,-1,2,1,-1,2,3,1,1,1,1
1,3,0,-1,1,2,3,1,2,3,1,1,1,0
1,-3,-2,-1,-1,2,1,-1,2,3,-1,1,1,1
-1,-5,-2,-1,-1,0,-3,-1,0,-3,-1,-1,1,1
